{"cameraMode":{"drawMode":0,"name":"Shaded","section":"Shading Mode"},"sceneLighting":true,"audioPlay":false,"sceneViewState":{"showFog":true,"showMaterialUpdate":false,"showSkybox":true,"showFlares":true,"showImageEffects":true,"showParticleSystems":true,"showVisualEffectGraphs":true,"m_FxEnabled":true},"in2DMode":false,"pivot":{"x":11.476728439331055,"y":1.8890342712402344,"z":14.312542915344239},"rotation":{"x":-0.5251904129981995,"y":0.47421732544898989,"z":-0.48196977376937868,"w":-0.5167522430419922},"size":26.38722801208496,"orthographic":true}